{"stats":{"minecraft:used":{"jeg:service_rifle":31,"torchmaster:megatorch":1,"minecraft:red_bed":1},"minecraft:custom":{"minecraft:jump":9,"minecraft:time_since_rest":4422,"minecraft:crouch_one_cm":175,"minecraft:leave_game":1,"minecraft:play_time":8832,"minecraft:sprint_one_cm":966,"minecraft:damage_taken":10,"minecraft:time_since_death":8832,"minecraft:walk_one_cm":6090,"minecraft:sleep_in_bed":2,"minecraft:sneak_time":113,"minecraft:total_world_time":8832,"minecraft:mob_kills":2,"minecraft:fall_one_cm":335,"minecraft:fly_one_cm":9015},"minecraft:killed":{"minecraft:pig":1,"naturalist:dragonfly":1},"minecraft:mined":{"minecraft:grass":1}},"DataVersion":3465}