{"stats":{"minecraft:used":{"torchmaster:megatorch":1,"minecraft:red_bed":1},"minecraft:mined":{"minecraft:grass":1},"minecraft:custom":{"minecraft:jump":6,"minecraft:time_since_rest":593,"minecraft:crouch_one_cm":163,"minecraft:leave_game":1,"minecraft:sprint_one_cm":966,"minecraft:play_time":5003,"minecraft:damage_taken":10,"minecraft:time_since_death":5003,"minecraft:walk_one_cm":3513,"minecraft:sleep_in_bed":2,"minecraft:sneak_time":67,"minecraft:total_world_time":5003,"minecraft:fall_one_cm":335,"minecraft:fly_one_cm":5744}},"DataVersion":3465}